{"contract":"0xe4972421f88c1f47986f54cbfd2d1e2e671680ac","contract_eth_balance":9.89995077,"total_eth":9.899951,"addresses_with_balance":13,"coverage_pct":100.0,"scan_date":"2026-06-15 16:25:16 UTC","distribution":{"1-10 ETH":{"count":6,"total_eth":8.0618},"0.1-1 ETH":{"count":7,"total_eth":1.83815077}},"activity":null,"tvl":null}