{"contract":"0xe9426198aec621203ba1fe07cf292b3796ba6248","contract_eth_balance":17.53815,"total_eth":17.53815,"addresses_with_balance":12,"coverage_pct":100.0,"scan_date":"2026-05-09 19:33:17 UTC","distribution":{},"activity":null,"tvl":null}