{"contract":"0x05aa2fdf9f58b426b49900834cce0565d88e52eb","contract_eth_balance":120.21583959,"total_eth":119.984789,"addresses_with_balance":303,"coverage_pct":99.81,"scan_date":"2026-05-08 14:37:28 UTC","distribution":{"10-100 ETH":{"count":3,"total_eth":111.18047275141984},"1-10 ETH":{"count":1,"total_eth":1.2729773759606315},"0.1-1 ETH":{"count":19,"total_eth":5.7257029962753405},"0.01-0.1 ETH":{"count":41,"total_eth":1.4773905352084629},"<0.01 ETH":{"count":239,"total_eth":0.32824579751352867}},"activity":null,"tvl":null}