{"contract":"0x4fb7d68e0116f35ade131b6535b2db1027bf7650","contract_eth_balance":97.83311858,"total_eth":56.393481,"addresses_with_balance":571,"coverage_pct":57.64,"scan_date":"2026-05-08 14:46:53 UTC","distribution":{},"activity":null,"tvl":null}