{"contract":"0x9EA80e204045329Ba752D03C395F82A12799f13d","contract_eth_balance":21.66137254,"total_eth":21.661373,"addresses_with_balance":28,"coverage_pct":100.0,"scan_date":"2026-06-15 16:25:16 UTC","distribution":{"1-10 ETH":{"count":8,"total_eth":17.32494911},"0.1-1 ETH":{"count":16,"total_eth":4.20642343},"0.01-0.1 ETH":{"count":4,"total_eth":0.13}},"activity":null,"tvl":null}