{"contract":"0x93d812bf90a575d628e246b0966505a9e466f534","contract_eth_balance":24.09894981,"total_eth":24.09895,"addresses_with_balance":14,"coverage_pct":100.0,"scan_date":"2026-06-04 00:32:00 UTC","distribution":{},"activity":null,"tvl":null}