{"contract":"0xa812137eff2b368d0b2880a39b609fb60c426850","contract_eth_balance":10.6092169,"total_eth":10.609217,"addresses_with_balance":1,"coverage_pct":100.0,"scan_date":"2026-05-09 19:33:17 UTC","distribution":{},"activity":null,"tvl":null}