{"contract":"0xc699d90671cb8373f21060592d41a7c92280adc4","contract_eth_balance":2.4175959,"total_eth":2.317596,"addresses_with_balance":6,"coverage_pct":95.86,"scan_date":"2026-06-15 16:25:16 UTC","distribution":{"0.1-1 ETH":{"count":6,"total_eth":2.3175959}},"activity":null,"tvl":null}