{"contract":"0x19c320b43744254ebdbcb1f1bd0e2a3dc08e01dc","contract_eth_balance":45.48933333,"total_eth":45.489333,"addresses_with_balance":10,"coverage_pct":100.0,"scan_date":"2026-05-08 11:40:58 UTC","distribution":{"10-100 ETH":{"count":1,"total_eth":34.88},"1-10 ETH":{"count":3,"total_eth":7.49},"0.1-1 ETH":{"count":6,"total_eth":3.1193333333333335}},"activity":null,"tvl":null}