{"contract":"0xd6c037be7fa60587e174db7a6710f7635d2971e7","contract_eth_balance":105.215929,"total_eth":100.941501,"addresses_with_balance":138,"coverage_pct":95.94,"scan_date":"2026-06-21 01:41:14 UTC","distribution":{"1-10 ETH":{"count":22,"total_eth":59.333},"0.1-1 ETH":{"count":74,"total_eth":41.1168},"0.01-0.1 ETH":{"count":21,"total_eth":0.4467},"<0.01 ETH":{"count":21,"total_eth":0.045001}},"activity":null,"tvl":null}