{"contract":"0xd6c037be7fa60587e174db7a6710f7635d2971e7","contract_eth_balance":102.880929,"total_eth":98.606501,"addresses_with_balance":136,"coverage_pct":95.85,"scan_date":"2026-06-21 01:41:14 UTC","distribution":{">=100 ETH":{"count":0,"total_eth":0.0},"10-100 ETH":{"count":0,"total_eth":0.0},"1-10 ETH":{"count":21,"total_eth":57.583},"0.1-1 ETH":{"count":73,"total_eth":40.5318},"0.01-0.1 ETH":{"count":21,"total_eth":0.4467},"<0.01 ETH":{"count":21,"total_eth":0.045001}},"activity":null,"tvl":null}