{"contract":"0x899f9a0440face1397a1ee1e3f6bf3580a6633d1","contract_eth_balance":206.25375278,"total_eth":195.618916,"addresses_with_balance":75,"coverage_pct":94.84,"scan_date":"2026-06-18 13:02:01 UTC","distribution":{">=100 ETH":1,"10-100 ETH":0,"1-10 ETH":17,"0.1-1 ETH":28,"0.01-0.1 ETH":16,"<0.01 ETH":13},"activity":null,"tvl":null}