{"contract":"0x9AcA6aBFe63A5ae0Dc6258cefB65207eC990Aa4D","contract_eth_balance":100.58346935,"total_eth":97.083469,"addresses_with_balance":79,"coverage_pct":96.52,"scan_date":"2026-06-15 16:25:16 UTC","distribution":{"10-100 ETH":{"count":1,"total_eth":10.0},"1-10 ETH":{"count":32,"total_eth":74.62799144},"0.1-1 ETH":{"count":31,"total_eth":11.92899028},"0.01-0.1 ETH":{"count":14,"total_eth":0.52148763},"<0.01 ETH":{"count":1,"total_eth":0.005}},"activity":null,"tvl":null}