{"contract":"0x12d5b7c26DD8dc6E2F71f5bF240d5e76452b2FE5","contract_eth_balance":81.88591779,"total_eth":81.885918,"addresses_with_balance":32,"coverage_pct":100.0,"scan_date":"2026-06-11 04:14:25 UTC","distribution":{"10-100 ETH":{"count":1,"total_eth":31.99906508},"1-10 ETH":{"count":18,"total_eth":45.28744265},"0.1-1 ETH":{"count":13,"total_eth":4.59941006}},"activity":null,"tvl":null}