{"contract":"0x0b7dc5a43ce121b4eaaa41b0f4f43bba47bb8951","contract_eth_balance":475.67913018,"total_eth":90.051415,"addresses_with_balance":614,"coverage_pct":18.93,"scan_date":"2026-06-18 12:54:05 UTC","distribution":{">=100 ETH":{"count":0,"total_eth":0.0},"10-100 ETH":{"count":1,"total_eth":45.15896164004338},"1-10 ETH":{"count":10,"total_eth":31.235526139211547},"<1 ETH":{"count":603,"total_eth":13.65692761730896}},"activity":null,"tvl":null}