{"contract":"0x0f90ef4e2526e3d1791862574f9fb26a0f39ec86","contract_eth_balance":35.11146288,"total_eth":35.019933,"addresses_with_balance":677,"coverage_pct":99.74,"scan_date":"2026-05-08 10:54:10 UTC","distribution":{"10-100 ETH":{"count":1,"total_eth":12.153029785345968},"1-10 ETH":{"count":4,"total_eth":10.172937764084658},"0.1-1 ETH":{"count":30,"total_eth":8.05402071462069},"0.01-0.1 ETH":{"count":125,"total_eth":3.9848109517423733},"<0.01 ETH":{"count":517,"total_eth":0.6551334259051559}},"activity":null,"tvl":null}