{"contract":"0xaff69c67f5dbbdd088ccbc6d47cb9e0ea547e132","contract_eth_balance":15.2925849,"total_eth":15.292268,"addresses_with_balance":209,"coverage_pct":100.0,"scan_date":"2026-05-08 10:54:18 UTC","distribution":{"1-10 ETH":{"count":2,"total_eth":3.604080164015486},"0.1-1 ETH":{"count":37,"total_eth":8.70315433908607},"0.01-0.1 ETH":{"count":61,"total_eth":2.80882866915616},"<0.01 ETH":{"count":109,"total_eth":0.17620459745043}},"activity":null,"tvl":null}