{"contract":"0x0ad3227eb47597b566ec138b3afd78cfea752de5","contract_eth_balance":136.74641136,"total_eth":22.940899,"addresses_with_balance":841,"coverage_pct":16.78,"scan_date":"2026-05-08 10:53:59 UTC","distribution":{"1-10 ETH":{"count":4,"total_eth":9.973240942210433},"0.1-1 ETH":{"count":26,"total_eth":6.518801918153843},"0.01-0.1 ETH":{"count":183,"total_eth":5.492975688726449},"<0.01 ETH":{"count":628,"total_eth":0.9558804320880677}},"activity":null,"tvl":null}