{"contract":"0xcb47c89cb17c10b719fc5ed9665bae157cac2cb1","contract_eth_balance":73.075419,"total_eth":72.939282,"addresses_with_balance":722,"coverage_pct":99.81,"scan_date":"2026-05-08 10:54:05 UTC","distribution":{">=100 ETH":{"count":0,"total_eth":0.0},"10-100 ETH":{"count":1,"total_eth":22.859728},"1-10 ETH":{"count":8,"total_eth":12.546158},"0.1-1 ETH":{"count":94,"total_eth":24.497981},"0.01-0.1 ETH":{"count":322,"total_eth":12.115214},"<0.01 ETH":{"count":297,"total_eth":0.920209}},"activity":null,"tvl":null}