{"contract":"0xe336d0c8b24d8e20b6f714522f590abadb601493","contract_eth_balance":20.77893435,"total_eth":32.364961,"addresses_with_balance":111,"coverage_pct":155.76,"scan_date":"2026-05-08 10:54:01 UTC","distribution":{"10-100 ETH":{"count":1,"total_eth":24.621568032602973},"1-10 ETH":{"count":2,"total_eth":2.6652717397319097},"0.1-1 ETH":{"count":13,"total_eth":2.8135415337553136},"0.01-0.1 ETH":{"count":53,"total_eth":2.2150226601753515},"<0.01 ETH":{"count":42,"total_eth":0.04955703858365264}},"activity":null,"tvl":null}