{"contract":"0xe336d0c8b24d8e20b6f714522f590abadb601493","contract_eth_balance":20.777144,"total_eth":32.363171,"addresses_with_balance":110,"coverage_pct":155.76,"scan_date":"2026-05-08 10:54:01 UTC","distribution":{">=100 ETH":{"count":0,"total_eth":0.0},"10-100 ETH":{"count":1,"total_eth":24.621568},"1-10 ETH":{"count":2,"total_eth":2.665272},"0.1-1 ETH":{"count":13,"total_eth":2.813542},"0.01-0.1 ETH":{"count":53,"total_eth":2.215025},"<0.01 ETH":{"count":41,"total_eth":0.047769}},"activity":null,"tvl":null}