{"contract":"0x0ad3227eb47597b566ec138b3afd78cfea752de5","contract_eth_balance":136.641585,"total_eth":22.836073,"addresses_with_balance":840,"coverage_pct":16.71,"scan_date":"2026-05-08 10:53:59 UTC","distribution":{">=100 ETH":{"count":0,"total_eth":0.0},"10-100 ETH":{"count":0,"total_eth":0.0},"1-10 ETH":{"count":4,"total_eth":9.973241},"0.1-1 ETH":{"count":25,"total_eth":6.413976},"0.01-0.1 ETH":{"count":183,"total_eth":5.492977},"<0.01 ETH":{"count":628,"total_eth":0.955884}},"activity":null,"tvl":null}