{"contract":"0xab83d96de35bad6f234178fbb6507203488e9626","contract_eth_balance":469.11439671,"total_eth":130.90279,"addresses_with_balance":163,"coverage_pct":27.9,"scan_date":"2026-05-08 16:19:10 UTC","distribution":{},"activity":null,"tvl":null}