{"contract":"0xcb47c89cb17c10b719fc5ed9665bae157cac2cb1","contract_eth_balance":76.28174393,"total_eth":76.145606,"addresses_with_balance":723,"coverage_pct":99.82,"scan_date":"2026-05-08 10:54:05 UTC","distribution":{"10-100 ETH":{"count":1,"total_eth":22.859727833437717},"1-10 ETH":{"count":9,"total_eth":15.752483376172563},"0.1-1 ETH":{"count":94,"total_eth":24.497982565353645},"0.01-0.1 ETH":{"count":322,"total_eth":12.11520809936768},"<0.01 ETH":{"count":297,"total_eth":0.9202045755878927}},"activity":null,"tvl":null}