{"contract":"0x3091d37ef18cb33af72cf7ca63714733172ce724","contract_eth_balance":1.41257813,"total_eth":1.400799,"addresses_with_balance":8,"coverage_pct":99.17,"scan_date":"2026-06-15 16:25:16 UTC","distribution":{"1-10 ETH":{"count":1,"total_eth":1.0},"0.1-1 ETH":{"count":3,"total_eth":0.32892482},"0.01-0.1 ETH":{"count":3,"total_eth":0.06246174},"<0.01 ETH":{"count":1,"total_eth":0.009412}},"activity":null,"tvl":null}