{"contract":"0x344285b2082d9c7981241dcc160beca6057637e6","contract_eth_balance":20.58887782,"total_eth":16.015143,"addresses_with_balance":8,"coverage_pct":77.79,"scan_date":"2026-05-09 19:33:17 UTC","distribution":{},"activity":null,"tvl":null}