{"contract":"0x27321f84704a599ab740281e285cc4463d89a3d5","contract_eth_balance":234.41869567,"total_eth":234.418696,"addresses_with_balance":31,"coverage_pct":100.0,"scan_date":"2026-05-12 10:37:38 UTC","distribution":{},"activity":null,"tvl":null}