{"contract":"0x47663541167ece0b96d9e5c60f9e470b2a20f598","contract_eth_balance":87.32817392,"total_eth":87.272021,"addresses_with_balance":1024,"coverage_pct":99.94,"scan_date":"2026-05-08 12:37:36 UTC","distribution":{"1-10 ETH":{"count":10,"total_eth":23.773765274472918},"0.1-1 ETH":{"count":157,"total_eth":49.436003070712644},"0.01-0.1 ETH":{"count":330,"total_eth":13.124281108476746},"<0.01 ETH":{"count":527,"total_eth":0.937971364711385}},"activity":null,"tvl":null}