{"contract":"0xA2F987A546D4CD1c607Ee8141276876C26b72Bdf","contract_eth_balance":816.798615,"total_eth":237.233838,"addresses_with_balance":304,"coverage_pct":29.04,"scan_date":"2026-06-02 17:01:19 UTC","distribution":{">=100 ETH":{"count":0,"total_eth":0.0},"10-100 ETH":{"count":5,"total_eth":137.107627},"1-10 ETH":{"count":31,"total_eth":66.313024},"0.1-1 ETH":{"count":82,"total_eth":28.993604},"0.01-0.1 ETH":{"count":96,"total_eth":4.548902},"<0.01 ETH":{"count":90,"total_eth":0.27068}},"activity":null,"tvl":null}