{"contract":"0xA2F987A546D4CD1c607Ee8141276876C26b72Bdf","contract_eth_balance":816.808326,"total_eth":237.243549,"addresses_with_balance":305,"coverage_pct":29.05,"scan_date":"2026-06-02 17:01:19 UTC","distribution":{"10-100 bETH":{"count":5,"total_beth":137.10762695},"1-10 bETH":{"count":31,"total_beth":66.31302425},"0.1-1 bETH":{"count":82,"total_beth":28.993603910000015},"0.01-0.1 bETH":{"count":96,"total_beth":4.548902160000001},"<0.01 bETH":{"count":91,"total_beth":0.2803912892812114}},"activity":null,"tvl":null}