{"contract":"0xe117bb9d1e0fc6e859d9bf174c53baa7c673547a","contract_eth_balance":2.94837577,"total_eth":2.948376,"addresses_with_balance":7,"coverage_pct":100.0,"scan_date":"2026-06-15 16:25:16 UTC","distribution":{"0.1-1 ETH":{"count":7,"total_eth":2.94837577}},"activity":null,"tvl":null}