{"contract":"0x1ecb59aecf1fc5da695242c6e78c2007e775d40f","contract_eth_balance":109.1,"total_eth":109.1,"addresses_with_balance":84,"coverage_pct":100.0,"scan_date":"2026-06-15 16:25:16 UTC","distribution":{"10+ ETH":{"count":2,"total_eth":55.0},"1-10 ETH":{"count":13,"total_eth":32.699999999999996},"0.1-1 ETH":{"count":59,"total_eth":20.900000000000016},"0.01-0.1 ETH":{"count":10,"total_eth":0.49999999999999994}},"activity":[{"month":"2022-08","tx_count":9033},{"month":"2022-09","tx_count":10},{"month":"2022-11","tx_count":1},{"month":"2023-02","tx_count":3}],"tvl":null}