{"contract":"0x5535a72556727c221c567e0fc4208c5a99dba1cc","contract_eth_balance":69.23904994,"total_eth":69.23905,"addresses_with_balance":23,"coverage_pct":100.0,"scan_date":"2026-06-03 23:15:08 UTC","distribution":{},"activity":null,"tvl":null}