{"contract":"0xf7686cf0d88b3c1b474ec76735b4e94a0c3a28f3","contract_eth_balance":25.6388406,"total_eth":25.638841,"addresses_with_balance":15,"coverage_pct":100.0,"scan_date":"2026-06-08 00:00:00 UTC","distribution":{},"activity":null,"tvl":null}