{"contract":"0x9abb7bddc43fa67c76a62d8c016513827f59be1b","contract_eth_balance":81.702945,"total_eth":72.313245,"addresses_with_balance":847,"coverage_pct":88.51,"scan_date":"2026-07-07 14:48:16 UTC","distribution":{},"activity":null,"tvl":null}