{"contract":"0xd6770aac65a48f5715889a4cdbf30a4faf73a073","contract_eth_balance":36.91881783,"total_eth":36.918818,"addresses_with_balance":23,"coverage_pct":100.0,"scan_date":"2026-05-08 22:20:59 UTC","distribution":{},"activity":null,"tvl":null}