{"contract":"0x796dbc51b37f2d92b0af1271fd9520c8efd1be61","contract_eth_balance":34.99542363,"total_eth":34.995424,"addresses_with_balance":3,"coverage_pct":100.0,"scan_date":"2026-05-09 19:33:53 UTC","distribution":{},"activity":null,"tvl":null}