{"contract":"0x39590f0b13693aeb5e16a414be8ba28b4c382cc6","contract_eth_balance":42.19133012,"total_eth":42.19133,"addresses_with_balance":1,"coverage_pct":100.0,"scan_date":"2026-05-08 19:55:43 UTC","distribution":{},"activity":null,"tvl":null}