{"contract":"0xf058ee35f381a12b3a0f504025419dcaf047ce7f","contract_eth_balance":91.23443343,"total_eth":91.234433,"addresses_with_balance":65,"coverage_pct":100.0,"scan_date":"2026-05-08 19:55:43 UTC","distribution":{},"activity":null,"tvl":null}