{"contract":"0x6f40d96713b60d5083bc2493251907ca673de1b8","contract_eth_balance":27.7245509,"total_eth":25.911658,"addresses_with_balance":283,"coverage_pct":93.46,"scan_date":"2026-05-09 19:33:53 UTC","distribution":{},"activity":null,"tvl":null}