{"contract":"0x48c128eafc3b937fb1f97889ad174ac02b4952cb","contract_eth_balance":98.47882716,"total_eth":98.478827,"addresses_with_balance":7,"coverage_pct":100.0,"scan_date":"2026-05-08 22:16:38 UTC","distribution":{},"activity":null,"tvl":null}