{"contract":"0x3A8A97123bcCd826228e5EB4144b48cce169517B","contract_eth_balance":31.49741615,"total_eth":31.497416,"addresses_with_balance":57,"coverage_pct":100.0,"scan_date":"2026-06-15 16:25:16 UTC","distribution":{"10-100 ETH":{"count":1,"total_eth":11.4},"1-10 ETH":{"count":8,"total_eth":10.45375907},"0.1-1 ETH":{"count":34,"total_eth":9.1528919},"0.01-0.1 ETH":{"count":12,"total_eth":0.48276518},"<0.01 ETH":{"count":2,"total_eth":0.008}},"activity":null,"tvl":null}