{"contract":"0x0286f920F893513C7ec9FE35ba0A4760229a243e","contract_eth_balance":386.48239159,"total_eth":386.372025,"addresses_with_balance":10121,"coverage_pct":99.97,"scan_date":"2026-07-24 14:03:35 UTC","distribution":{"1_plus":51,"0.1_to_1":382,"0.01_to_0.1":1540,"under_0.01":8148},"activity":null,"tvl":null}