{"contract":"0xda8d7ff0d043848a689125e2c7ab87b16a0cbe81","contract_eth_balance":34.76599477,"total_eth":33.346776,"addresses_with_balance":202,"coverage_pct":95.92,"scan_date":"2026-05-08 10:54:12 UTC","distribution":{"10-100 ETH":{"count":1,"total_eth":29.184492277937977},"0.1-1 ETH":{"count":11,"total_eth":2.302987956262406},"0.01-0.1 ETH":{"count":40,"total_eth":1.6123343003699377},"<0.01 ETH":{"count":150,"total_eth":0.24696164718855038}},"activity":null,"tvl":null}