{"contract":"0xb2b30d39074c52a60283a26f238abff31fcb4217","contract_eth_balance":24.66825612,"total_eth":23.535118,"addresses_with_balance":57,"coverage_pct":95.41,"scan_date":"2026-05-08 10:54:14 UTC","distribution":{"10-100 ETH":{"count":1,"total_eth":22.328868692812247},"0.1-1 ETH":{"count":3,"total_eth":0.828021860359861},"0.01-0.1 ETH":{"count":8,"total_eth":0.32938044625658786},"<0.01 ETH":{"count":45,"total_eth":0.04884663998684099}},"activity":null,"tvl":null}