{"contract":"0x4d1886daf2617cbd9e27abfd0f18a54f04f33c41","contract_eth_balance":107.532796,"total_eth":107.532796,"addresses_with_balance":103,"coverage_pct":100.0,"scan_date":"2026-05-08 17:57:43 UTC","distribution":{},"activity":null,"tvl":null}