{"contract":"0x4d1886daf2617cbd9e27abfd0f18a54f04f33c41","contract_eth_balance":463.22286667,"total_eth":463.222867,"addresses_with_balance":104,"coverage_pct":100.0,"scan_date":"2026-05-08 17:23:11 UTC","distribution":{},"activity":null,"tvl":null}