{"contract":"0xe8da050c3140183d4f5f01e048ac136e2da5253f","contract_eth_balance":5.98113793,"total_eth":5.981138,"addresses_with_balance":16,"coverage_pct":100.0,"scan_date":"2026-06-15 16:25:16 UTC","distribution":{"1-10 ETH":{"count":1,"total_eth":3.02},"0.1-1 ETH":{"count":6,"total_eth":2.21575862},"0.01-0.1 ETH":{"count":9,"total_eth":0.74537931}},"activity":null,"tvl":null}