{"contract":"0xcc89405e3cfd38412093840a3ac2f851dd395dfb","contract_eth_balance":76.59997744,"total_eth":76.347371,"addresses_with_balance":14,"coverage_pct":99.67,"scan_date":"2026-05-08 22:16:38 UTC","distribution":{},"activity":null,"tvl":null}